model,"model parameters, B",language,tokens_used_lape_tokenizer,lang_specific_neurons,lang_specific_neurons_pct,vocab_size,total_words_used,common_tokens_budget,fertility_tokens_per_word,unique_tokens,unique_token_fraction,num_unique_chars,num_non_ascii_chars,shared_en_token_count,shared_en_token_fraction,shared_ru_token_count,shared_ru_token_fraction,shared_turkish_token_count,shared_turkish_token_fraction,chars_per_token_mean,chars_per_token_std,n_questions_subset,MeanTokenNLL_mean,MeanTokenNLL_std,SequenceNLL_mean,SequenceNLL_std,MeanTokenEntropy_mean,MeanTokenEntropy_std,RAUQ_mean,RAUQ_std,Focus_mean,Focus_std,lexical_similarity_mean,lexical_similarity_std,degmat_mean,degmat_std,eigvallaplacian_mean,eigvallaplacian_std,eccentricity_mean,eccentricity_std,eccentricity_infs_cnt,subset_accuracy,total_questions,total_correct,total_n_unparseable,total_accuracy,n_unseen,unseen_accuracy
qwen2.5-3b-instruct,3,azerbaijani,31870,719,0.181,151665,9658,31993,3.299855042,1944,0.01281772327,115,29,458,0.2355967078,118,0.06069958848,1106,0.5689300412,2.06463759,1.158781012,145,0.254165,0.167932,11.49091,11.452663,0.605976,0.39166,1.766584,0.186037,6.52018,3.882979,-0.839763,0.181071,0.606313,0.171788,2.300433,0.411601,34.20671,34.444968,2,37.93,735,274,10,37.28,590,37.12
qwen2.5-3b-instruct,3,crimean-tatar-latin,31808,592,0.149,151665,10534,31993,3.019555724,2470,0.01628589325,107,18,568,0.2299595142,132,0.05344129555,1341,0.5429149798,2.401062626,1.437220685,145,0.317371,0.160722,14.676685,11.094878,0.812522,0.395832,1.826397,0.168741,8.916376,4.688358,-0.87759,0.145055,0.66228,0.123382,2.218182,0.342724,44.246301,38.105765,8,35.17,380,142,2,37.37,235,38.72
qwen2.5-3b-instruct,3,crimean-tatar-cyrillic,31878,768,0.194,151665,7824,31993,4.074386503,1143,0.007536346553,139,67,124,0.1084864392,838,0.7331583552,132,0.1154855643,2.986166008,1.637918657,145,0.457019,0.203204,28.533279,13.928297,1.047063,0.418402,1.965261,0.184625,14.255067,6.279278,-0.948204,0.122734,0.787089,0.112812,1.547648,0.510993,70.987772,30.256922,12,39.31,380,147,11,38.68,235,38.3
qwen2.5-3b-instruct,3,english,31958,395,0.1,151665,21974,31993,1.454355147,5389,0.0355322586,106,16,5389,1,208,0.03859714233,530,0.09834848766,4.1772952,2.926044686,145,0.167321,0.12548,7.393948,6.944499,0.293673,0.213469,1.679981,0.133201,4.738693,2.443062,-0.530598,0.249903,0.403414,0.191217,2.71192,0.200123,11.492339,20.874991,0,67.59,2157,1494,2,69.26,2012,69.38
qwen2.5-3b-instruct,3,karakalpak,31993,651,0.164,151665,9511,31993,3.363789297,2175,0.01434081693,122,39,532,0.2445977011,115,0.05287356322,987,0.4537931034,2.193667365,1.15323833,145,0.619108,0.139848,39.538934,9.096316,1.549595,0.328629,2.134405,0.14625,17.602687,4.672887,-0.988933,0.027312,0.843804,0.029178,1.170352,0.30998,82.46119,16.160657,18,28.28,240,64,3,26.67,95,24.21
qwen2.5-3b-instruct,3,kazakh-cyrillic,31929,866,0.219,151665,7346,31993,4.346447046,965,0.006362707282,168,88,139,0.1440414508,676,0.7005181347,147,0.1523316062,2.503648721,1.475917775,145,0.394079,0.162917,24.978097,10.822267,0.862763,0.315484,1.925758,0.153541,12.529032,4.461513,-0.95851,0.089044,0.800188,0.087953,1.486865,0.493834,76.847901,24.46586,15,33.79,944,324,26,34.32,799,34.42
qwen2.5-3b-instruct,3,kazakh-latin,31883,500,0.126,151665,9267,31993,3.440487752,2024,0.0133452016,122,32,501,0.2475296443,123,0.06077075099,914,0.4515810277,2.040993633,1.044872132,145,0.602862,0.169267,38.507485,10.959056,1.495361,0.407473,2.135028,0.179266,16.308195,5.262676,-0.988677,0.023988,0.853338,0.028621,1.044137,0.327759,84.350688,15.206275,18,30.34,944,314,9,33.26,799,33.79
qwen2.5-3b-instruct,3,russian,31951,438,0.111,151665,12012,31993,2.65992341,2551,0.01681996505,147,70,208,0.08153665229,2551,1,135,0.05292042336,4.865137241,3.582804858,145,0.208636,0.097074,11.59419,6.685028,0.455286,0.204862,1.72818,0.093625,7.084949,3.040012,-0.818174,0.172194,0.650829,0.136238,2.248009,0.330068,42.730498,36.202474,6,55.86,2157,1254,9,58.14,2012,58.3
qwen2.5-3b-instruct,3,tatar,31976,749,0.189,151665,7734,31993,4.134471166,1069,0.007048429104,162,79,142,0.1328344247,782,0.7315247895,149,0.1393826006,2.694114336,1.715031575,145,0.503526,0.182838,32.198071,11.771179,1.159947,0.368688,2.05442,0.18027,15.440051,6.123189,-0.980384,0.043387,0.843216,0.046654,1.149783,0.386971,82.930074,16.264609,19,37.93,839,300,41,35.76,694,35.3
qwen2.5-3b-instruct,3,turkish,31837,864,0.218,151665,11770,31993,2.704927782,2993,0.01973428279,116,27,530,0.177079853,135,0.04510524557,2993,1,2.972202155,2.296747065,145,0.271605,0.126583,10.716055,9.118118,0.68549,0.302856,1.769837,0.156986,6.846569,3.660666,-0.86572,0.149218,0.652362,0.134244,2.241189,0.350837,42.156445,38.460072,3,47.59,945,430,3,45.5,800,45.12
qwen2.5-3b-instruct,3,uyghur-arabic,31815,1754,0.443,151665,6247,31993,5.092844565,554,0.003652787393,152,75,135,0.2436823105,96,0.1732851986,139,0.2509025271,2.399874273,1.078178713,145,0.380142,0.270052,23.552419,17.771683,0.922318,0.614855,1.931519,0.265853,14.010721,5.91442,-0.91324,0.141918,0.775383,0.123852,1.520887,0.661233,67.688263,31.592541,30,28.97,519,176,15,33.91,374,35.83
qwen2.5-3b-instruct,3,uyghur-latin,31807,686,0.173,151665,10049,31993,3.165190566,1645,0.01084627304,117,51,398,0.2419452888,101,0.06139817629,748,0.4547112462,2.296852894,1.147861143,145,0.481681,0.248263,30.076069,16.695308,1.205538,0.580077,2.004576,0.261898,16.031377,7.533793,-0.897053,0.188827,0.740472,0.173848,1.682121,0.609463,64.852289,36.989084,12,32.41,519,165,4,31.79,374,31.55
qwen2.5-3b-instruct,3,uzbek-latin,31771,633,0.16,151665,9734,31993,3.263920279,2296,0.0151386279,109,23,580,0.2526132404,145,0.0631533101,956,0.4163763066,2.144345472,1.10986125,145,0.226478,0.242166,12.595955,16.358832,0.514036,0.555562,1.688152,0.29854,7.755827,7.670158,-0.615312,0.366662,0.500609,0.312588,2.266817,0.697287,53.205502,36.602569,10,32.41,735,238,7,32.38,590,32.37
qwen2.5-3b-instruct,3,uzbek-cyrillic,31890,787,0.199,151665,8194,31993,3.891872102,1068,0.007041835625,159,84,154,0.1441947566,733,0.686329588,165,0.154494382,2.867513327,1.708537973,145,0.631025,0.231712,40.348665,14.918653,1.449991,0.503215,2.135069,0.229783,17.529039,6.013928,-0.969569,0.078639,0.834701,0.077994,1.157891,0.483503,80.525356,22.982007,20,24.14,735,197,40,26.8,590,27.46
qwen2.5-7b-instruct,7,azerbaijani,31870,850,0.16,151665,9658,31993,3.299855042,1944,0.01281772327,115,29,458,0.2355967078,118,0.06069958848,1106,0.5689300412,2.06463759,1.158781012,145,0.106819,0.109706,4.23966,6.919255,0.270529,0.284501,1.561492,0.156627,3.811499,2.665826,-0.520103,0.305609,0.357835,0.225308,2.717299,0.25952,21.62525,24.580186,3,40.69,735,324,7,44.08,590,44.92
qwen2.5-7b-instruct,7,crimean-tatar-latin,31808,560,0.106,151665,10534,31993,3.019555724,2470,0.01628589325,107,18,568,0.2299595142,132,0.05344129555,1341,0.5429149798,2.401062626,1.437220685,145,0.120375,0.099073,3.622268,4.446326,0.30831,0.255249,1.5678,0.16403,4.517863,4.277097,-0.574809,0.28536,0.40125,0.216517,2.682591,0.249861,20.332596,25.889184,0,38.62,380,160,1,42.11,235,44.26
qwen2.5-7b-instruct,7,crimean-tatar-cyrillic,31878,747,0.141,151665,7824,31993,4.074386503,1143,0.007536346553,139,67,124,0.1084864392,838,0.7331583552,132,0.1154855643,2.986166008,1.637918657,145,0.163418,0.130614,8.3417,8.862351,0.429143,0.335074,1.753374,0.174785,7.738011,4.201652,-0.723222,0.265984,0.541123,0.226036,2.410405,0.420357,42.806078,38.998374,7,41.38,380,155,5,40.79,235,40.43
qwen2.5-7b-instruct,7,english,31958,1049,0.198,151665,21974,31993,1.454355147,5389,0.0355322586,106,16,5389,1,208,0.03859714233,530,0.09834848766,4.1772952,2.926044686,145,0.050609,0.049612,1.176693,1.733481,0.082613,0.071883,1.480039,0.111294,2.482421,0.977204,-0.261809,0.258976,0.19073,0.192913,2.887359,0.144801,13.985411,17.014983,2,80.69,2157,1748,1,81.04,2012,81.06
qwen2.5-7b-instruct,7,karakalpak,31993,840,0.158,151665,9511,31993,3.363789297,2175,0.01434081693,122,39,532,0.2445977011,115,0.05287356322,987,0.4537931034,2.193667365,1.15323833,145,0.341072,0.16889,21.414179,11.233162,0.911109,0.446886,1.915303,0.177178,11.153187,4.303279,-0.867216,0.190624,0.717962,0.159795,1.91382,0.481756,68.820871,32.156456,11,32.41,240,78,3,32.5,95,32.63
qwen2.5-7b-instruct,7,kazakh-cyrillic,31929,1138,0.215,151665,7346,31993,4.346447046,965,0.006362707282,168,88,139,0.1440414508,676,0.7005181347,147,0.1523316062,2.503648721,1.475917775,145,0.111576,0.112996,3.742321,6.545546,0.268,0.273347,1.618094,0.164167,5.477404,3.411757,-0.551673,0.291857,0.424273,0.236729,2.61382,0.318455,29.901512,26.039244,19,44.83,944,416,11,44.07,799,43.93
qwen2.5-7b-instruct,7,kazakh-latin,31883,746,0.141,151665,9267,31993,3.440487752,2024,0.0133452016,122,32,501,0.2475296443,123,0.06077075099,914,0.4515810277,2.040993633,1.044872132,145,0.412062,0.129709,26.32362,8.306516,1.081842,0.326724,1.985414,0.140373,14.581646,4.292102,-0.954386,0.066354,0.810159,0.063362,1.433701,0.52661,86.546019,23.195183,18,33.79,944,333,9,35.28,799,35.54
qwen2.5-7b-instruct,7,russian,31951,406,0.077,151665,12012,31993,2.65992341,2551,0.01681996505,147,70,208,0.08153665229,2551,1,135,0.05292042336,4.865137241,3.582804858,145,0.072752,0.073038,2.145962,2.649858,0.156704,0.149397,1.554024,0.089995,3.720887,2.176032,-0.440613,0.292615,0.32188,0.226944,2.745664,0.275991,19.750129,21.903078,5,65.52,2157,1507,23,69.87,2012,70.18
qwen2.5-7b-instruct,7,tatar,31976,809,0.153,151665,7734,31993,4.134471166,1069,0.007048429104,162,79,142,0.1328344247,782,0.7315247895,149,0.1393826006,2.694114336,1.715031575,145,0.246576,0.16927,15.453886,11.022477,0.670673,0.434352,1.792514,0.180022,7.289441,3.711237,-0.753764,0.241716,0.61088,0.193719,2.269191,0.478348,47.20998,39.228727,8,41.38,839,357,28,42.55,694,42.8
qwen2.5-7b-instruct,7,turkish,31837,673,0.127,151665,11770,31993,2.704927782,2993,0.01973428279,116,27,530,0.177079853,135,0.04510524557,2993,1,2.972202155,2.296747065,145,0.094887,0.095777,2.013649,3.305521,0.256695,0.253976,1.495574,0.122631,2.935124,1.809928,-0.416585,0.303965,0.287328,0.21706,2.796854,0.214614,19.059799,24.311622,3,58.62,945,533,15,56.4,800,56
qwen2.5-7b-instruct,7,uyghur-arabic,31815,1759,0.332,151665,6247,31993,5.092844565,554,0.003652787393,152,75,135,0.2436823105,96,0.1732851986,139,0.2509025271,2.399874273,1.078178713,145,0.13829,0.160411,5.939571,10.090888,0.422087,0.457747,1.657046,0.204103,6.755618,3.773997,-0.653194,0.295204,0.524052,0.250729,2.392668,0.478856,38.889408,31.071306,16,35.17,519,211,9,40.66,374,42.78
qwen2.5-7b-instruct,7,uyghur-latin,31807,748,0.141,151665,10049,31993,3.165190566,1645,0.01084627304,117,51,398,0.2419452888,101,0.06139817629,748,0.4547112462,2.296852894,1.147861143,145,0.138542,0.154928,6.619309,9.775609,0.349911,0.402715,1.752677,0.237418,8.147824,4.458962,-0.552092,0.331027,0.412263,0.27019,2.567858,0.444177,30.815899,31.84384,8,30.34,519,170,1,32.76,374,33.69
qwen2.5-7b-instruct,7,uzbek-latin,31771,1014,0.191,151665,9734,31993,3.263920279,2296,0.0151386279,109,23,580,0.2526132404,145,0.0631533101,956,0.4163763066,2.144345472,1.10986125,145,0.086407,0.107418,0.951764,2.574318,0.177833,0.222829,1.177306,0.372136,2.440812,1.323304,-0.400924,0.259861,0.305929,0.207317,2.799937,0.173386,30.524791,20.208868,18,26.9,735,225,12,30.61,590,31.53
qwen2.5-7b-instruct,7,uzbek-cyrillic,31890,893,0.168,151665,8194,31993,3.891872102,1068,0.007041835625,159,84,154,0.1441947566,733,0.686329588,165,0.154494382,2.867513327,1.708537973,145,0.122385,0.153039,4.708293,9.552877,0.286849,0.379064,1.542095,0.18377,3.860198,3.100874,-0.478287,0.295486,0.358908,0.241291,2.677197,0.361577,31.047128,24.391173,9,32.41,735,253,25,34.42,590,34.92
model,"model parameters, B",language,tokens_used_lape_tokenizer,lang_specific_neurons,lang_specific_neurons_pct,vocab_size,total_words_used,common_tokens_budget,fertility_tokens_per_word,unique_tokens,unique_token_fraction,num_unique_chars,num_non_ascii_chars,shared_en_token_count,shared_en_token_fraction,shared_ru_token_count,shared_ru_token_fraction,shared_turkish_token_count,shared_turkish_token_fraction,chars_per_token_mean,chars_per_token_std,n_questions_subset,MeanTokenNLL_mean,MeanTokenNLL_std,SequenceNLL_mean,SequenceNLL_std,MeanTokenEntropy_mean,MeanTokenEntropy_std,RAUQ_mean,RAUQ_std,Focus_mean,Focus_std,lexical_similarity_mean,lexical_similarity_std,degmat_mean,degmat_std,eigvallaplacian_mean,eigvallaplacian_std,eccentricity_mean,eccentricity_std,eccentricity_infs_cnt,subset_accuracy,total_questions,total_correct,total_n_unparseable,total_accuracy,n_unseen,unseen_accuracy
llama-3.1-8b-instruct ,8,azerbaijani,31151,758,0.165,128256,9927,31221,3.138007454,2299,0.01792508733,115,29,520,0.226185298,189,0.08220965637,1040,0.4523705959,2.174825848,1.256966442,129,0.231895,0.150309,8.172283,9.074249,0.69746,0.419706,1.720629,0.145868,5.798023,3.125211,-0.869117,0.173908,0.66402,0.154022,2.139095,0.457127,43.693951,37.665994,8,39.53,735,279,95,37.96,606,37.62
llama-3.1-8b-instruct ,8,crimean-tatar-latin,31178,569,0.124,128256,10609,31221,2.938825525,2862,0.02231474551,107,18,620,0.2166317261,196,0.06848357792,1293,0.4517819706,2.467316698,1.485549556,129,0.21056,0.136006,6.177536,7.261021,0.647015,0.417571,1.689078,0.13195,6.240996,3.222905,-0.841315,0.170332,0.652275,0.147478,2.213067,0.401051,40.596465,36.603302,1,34.88,380,129,51,33.95,251,33.47
llama-3.1-8b-instruct ,8,crimean-tatar-cyrillic,31182,570,0.124,128256,8299,31221,3.757320159,1561,0.01217097056,144,67,189,0.1210762332,1051,0.6732863549,175,0.1121076233,3.256205503,1.78644119,129,0.179104,0.1504,5.164116,8.239939,0.502072,0.409071,1.656312,0.14138,7.476069,2.875433,-0.823832,0.184891,0.645961,0.155344,2.245659,0.381131,37.009854,36.643381,17,31.01,380,117,67,30.79,251,30.68
llama-3.1-8b-instruct ,8,english,31083,258,0.056,128256,21719,31221,1.431143239,5460,0.04257110778,106,16,5460,1,331,0.06062271062,557,0.102014652,4.242865875,2.907534138,129,0.189516,0.11834,7.638004,5.951834,0.411412,0.24779,1.673988,0.130531,4.442828,2.082443,-0.639919,0.249135,0.479869,0.186246,2.614693,0.215839,18.950042,27.782612,2,76.74,2157,1606,28,74.46,2028,74.31
llama-3.1-8b-instruct ,8,karakalpak,31221,728,0.159,128256,9511,31221,3.282620124,2442,0.01904004491,122,39,582,0.2383292383,173,0.07084357084,1059,0.4336609337,2.247910061,1.21862516,129,0.339729,0.207088,7.891624,9.996032,0.991095,0.611101,1.755797,0.186504,7.260844,4.566114,-0.897566,0.124539,0.734794,0.123294,1.914346,0.461657,55.045627,34.769114,30,25.58,240,59,61,24.58,111,23.42
llama-3.1-8b-instruct ,8,kazakh-cyrillic,31099,1024,0.223,128256,7090,31221,4.386318759,1368,0.01066616766,168,88,225,0.1644736842,843,0.6162280702,197,0.144005848,2.475192128,1.672120577,129,0.183719,0.116132,5.497703,6.278146,0.44531,0.2851,1.657686,0.102952,6.503138,3.152205,-0.862374,0.154602,0.701793,0.157774,1.964191,0.581901,49.084975,30.659492,41,44.96,944,409,128,43.33,815,43.07
llama-3.1-8b-instruct ,8,kazakh-latin,31172,639,0.139,128256,9536,31221,3.268875839,2326,0.01813560379,123,33,581,0.2497850387,207,0.08899398108,891,0.383061049,2.14740793,1.109362118,129,0.286214,0.160279,12.638246,12.088877,0.861515,0.478301,1.765663,0.173175,6.177206,3.718634,-0.897572,0.120659,0.740358,0.115034,1.876004,0.468529,56.380082,34.571096,16,28.68,944,234,314,24.79,815,24.17
llama-3.1-8b-instruct ,8,russian,30729,976,0.213,128256,12838,31221,2.393597134,3491,0.0272189995,149,71,331,0.09481523919,3491,1,180,0.05156115726,5.405317453,3.939073102,129,0.166914,0.121149,5.620562,6.511812,0.450161,0.306378,1.638534,0.121048,5.0869,2.627277,-0.731782,0.258513,0.578734,0.216789,2.300019,0.475168,38.251413,32.226287,8,62.02,2157,1301,69,60.32,2028,60.21
llama-3.1-8b-instruct ,8,tatar,31082,649,0.141,128256,7166,31221,4.337426737,1344,0.01047904192,162,79,196,0.1458333333,925,0.6882440476,182,0.1354166667,2.571005727,1.929000959,129,0.16282,0.096598,3.559049,4.126154,0.418536,0.247158,1.624563,0.082306,5.824872,2.948778,-0.836017,0.180952,0.659962,0.182072,2.109057,0.519188,47.287224,35.098553,18,42.64,839,348,96,41.48,710,41.27
llama-3.1-8b-instruct ,8,turkish,31115,1179,0.257,128256,10352,31221,3.005699382,3111,0.02425617515,115,26,557,0.1790421086,180,0.05785920926,3111,1,2.789683432,2.144096271,129,0.204296,0.13496,4.077743,6.550071,0.573731,0.361837,1.622577,0.138774,3.524376,2.132018,-0.764409,0.222675,0.602039,0.188499,2.287184,0.446292,38.438478,33.415998,10,49.61,945,456,62,48.25,816,48.04
llama-3.1-8b-instruct ,8,uyghur-arabic,31128,1010,0.22,128256,5362,31221,5.805296531,653,0.005091379741,146,71,167,0.2557427259,128,0.1960183767,169,0.258805513,2.097018761,1.310636962,129,0.17885,0.183756,3.810995,4.461346,0.475531,0.464538,1.64242,0.101282,6.641873,2.925336,-0.822376,0.200193,0.685347,0.179368,1.977753,0.57555,54.936085,32.411967,36,19.38,519,104,201,20.04,390,20.26
llama-3.1-8b-instruct ,8,uyghur-latin,31128,639,0.139,128256,10049,31221,3.097621654,1804,0.01406561876,117,51,437,0.2422394678,148,0.08203991131,746,0.4135254989,2.34695451,1.170290214,129,0.295622,0.194607,10.795578,10.929111,0.854305,0.540422,1.774572,0.171955,10.674831,3.960578,-0.910293,0.123409,0.752876,0.115321,1.781895,0.493632,59.380032,37.48834,16,19.38,519,111,82,21.39,390,22.05
llama-3.1-8b-instruct ,8,uzbek-latin,31189,715,0.156,128256,9855,31221,3.164789447,2542,0.01981973553,109,23,641,0.2521636507,208,0.08182533438,1005,0.3953579858,2.215364391,1.129921118,129,0.251786,0.205604,3.30919,5.315915,0.602044,0.486304,1.593688,0.146075,5.359871,3.315684,-0.747041,0.225267,0.604884,0.207086,2.245836,0.523082,39.878219,26.952437,35,26.36,735,199,121,27.07,606,27.23
llama-3.1-8b-instruct ,8,uzbek-cyrillic,31069,830,0.181,128256,8296,31221,3.745057859,1456,0.01135229541,159,84,225,0.154532967,931,0.6394230769,210,0.1442307692,2.978821333,1.840089595,129,0.242768,0.155869,9.249222,10.514248,0.650115,0.434776,1.717307,0.139675,9.194027,4.352699,-0.890927,0.119675,0.728793,0.131673,1.876995,0.539872,54.109863,39.665714,28,27.91,735,173,199,23.54,606,22.61
gemma-3-4b-it,4,azerbaijani,30793,816,0.234,262145,10504,30880,2.931549886,2349,0.008960689695,115,29,317,0.134951043,107,0.04555129842,981,0.4176245211,2.078167116,1.29842986,163,0.075509,0.066128,4.832597,4.23216,0.171386,0.152022,1.626452,0.062452,4.996763,1.607304,-0.638701,0.278963,0.481077,0.217492,2.572581,0.297856,22.267793,30.768611,1,46.63,735,338,30,45.99,572,45.8
gemma-3-4b-it,4,crimean-tatar-latin,30863,821,0.236,262145,10630,30880,2.903386642,3002,0.01145167751,107,18,387,0.1289140573,123,0.04097268488,1207,0.4020652898,2.289764443,1.507220611,163,0.101576,0.089462,6.500884,5.725541,0.242117,0.220563,1.659629,0.087652,5.909552,2.092366,-0.662885,0.259133,0.51759,0.212361,2.50012,0.340122,29.36888,34.130449,0,32.52,380,125,38,32.89,217,33.18
gemma-3-4b-it,4,crimean-tatar-cyrillic,30836,801,0.23,262145,8849,30880,3.484687535,1897,0.007236453108,146,67,113,0.05956773853,991,0.5224037955,124,0.06536636795,2.017155273,1.11233666,163,0.136432,0.109571,8.731646,7.012549,0.332661,0.265502,1.703189,0.114782,6.124891,2.601869,-0.678223,0.266159,0.526333,0.208371,2.487908,0.329202,29.827931,35.278091,3,31.29,380,109,59,28.68,217,26.73
gemma-3-4b-it,4,english,30621,514,0.148,262145,20796,30880,1.472446624,5043,0.01923744493,106,16,5043,1,198,0.03926234384,375,0.0743604997,4.110577708,3.090099146,163,0.033236,0.026468,2.127086,1.693953,0.065476,0.049066,1.581722,0.031026,4.354774,0.74412,-0.343404,0.209752,0.271651,0.16801,2.848432,0.124549,5.604533,6.506367,0,73.01,2157,1473,39,68.29,1994,67.9
gemma-3-4b-it,4,karakalpak,30880,703,0.202,262145,9511,30880,3.246766901,2541,0.009693108776,122,39,365,0.1436442346,102,0.04014167651,993,0.3907910272,2.090705959,1.274685746,163,0.02299,0.068137,1.471336,4.360771,0.056985,0.178657,1.5826,0.067785,4.730367,1.152298,-0.222684,0.308748,0.186365,0.256396,2.851948,0.280455,18.61071,24.863451,11,33.13,240,81,10,33.75,77,35.06
gemma-3-4b-it,4,kazakh-cyrillic,30820,723,0.208,262145,8684,30880,3.549055735,1624,0.006195044727,172,89,130,0.08004926108,767,0.4722906404,145,0.08928571429,1.842342635,1.097104716,163,0.019062,0.035749,1.219954,2.287941,0.042573,0.079021,1.577226,0.036687,4.37815,0.620032,-0.307991,0.305347,0.203496,0.215503,2.85912,0.211736,18.638422,21.317947,2,47.24,944,440,79,46.61,781,46.48
gemma-3-4b-it,4,kazakh-latin,30815,1246,0.358,262145,9190,30880,3.353101197,2256,0.008605924202,122,32,350,0.155141844,116,0.05141843972,778,0.344858156,1.951874087,1.178654583,163,0.035919,0.098779,2.298797,6.321879,0.089335,0.26029,1.597774,0.094317,5.182314,1.817262,-0.255135,0.326429,0.208102,0.267006,2.814432,0.319994,21.806252,30.056,10,32.52,944,303,109,32.1,781,32.01
gemma-3-4b-it,4,russian,30807,561,0.161,262145,14075,30880,2.188774423,4808,0.01834099449,149,71,198,0.04118136439,4808,1,115,0.02391846922,3.30749505,2.493203769,163,0.112484,0.052227,7.198975,3.342508,0.255724,0.114137,1.675376,0.054618,5.497325,1.637999,-0.704629,0.187511,0.561,0.150186,2.49425,0.249369,21.674224,29.898721,0,60.12,2157,1268,57,58.79,1994,58.68
gemma-3-4b-it,4,tatar,30799,705,0.202,262145,9593,30880,3.210570207,1880,0.007171603502,166,81,139,0.07393617021,962,0.5117021277,145,0.07712765957,2.07857398,1.314471236,163,0.141596,0.073017,9.062157,4.673076,0.327536,0.165281,1.709707,0.074665,5.672324,1.718271,-0.763601,0.190211,0.611758,0.145894,2.351178,0.33183,41.257316,40.615296,2,42.94,839,342,53,40.76,676,40.24
gemma-3-4b-it,4,turkish,30819,698,0.2,262145,10304,30880,2.990974379,3134,0.01195521562,115,26,375,0.1196553925,115,0.03669432036,3134,1,2.600571076,1.932210128,163,0.056732,0.04177,3.630835,2.673288,0.118615,0.083925,1.617205,0.05217,5.060267,1.074643,-0.596124,0.247966,0.455949,0.193339,2.637397,0.239634,19.892376,27.935102,1,58.28,945,496,31,52.49,782,51.28
gemma-3-4b-it,4,uyghur-arabic,30787,991,0.285,262145,7422,30880,4.148073296,778,0.002967823151,165,81,133,0.1709511568,98,0.1259640103,142,0.1825192802,1.680871797,0.8003760039,163,0.117553,0.088152,7.52341,5.641727,0.264521,0.191488,1.686953,0.090248,5.726692,2.046866,-0.763363,0.251113,0.603812,0.20063,2.302532,0.410109,42.074862,39.453065,4,25.15,519,152,50,29.29,356,31.18
gemma-3-4b-it,4,uyghur-latin,30869,685,0.197,262145,10604,30880,2.911071294,1938,0.007392855099,117,51,259,0.1336429309,83,0.04282765738,692,0.3570691434,2.424276783,1.377241561,163,0.155403,0.095,9.945802,6.079994,0.386366,0.23978,1.727023,0.102851,7.268112,2.256707,-0.773138,0.231939,0.613958,0.191554,2.286501,0.388749,42.407176,36.865421,4,26.38,519,141,44,27.17,356,27.53
gemma-3-4b-it,4,uzbek-latin,30820,1099,0.316,262145,9984,30880,3.086939103,2707,0.01032634611,109,23,411,0.1518285925,130,0.04802364241,914,0.3376431474,2.209896171,1.356564327,163,0.033275,0.048184,2.129578,3.083771,0.071464,0.104086,1.594015,0.054845,4.662821,0.964263,-0.389897,0.335565,0.297523,0.262764,2.762509,0.276268,23.665216,27.654577,3,31.29,735,222,62,30.2,572,29.9
gemma-3-4b-it,4,uzbek-cyrillic,30682,526,0.151,262145,9259,30880,3.313748785,1751,0.006679509432,163,85,134,0.07652769846,892,0.5094231868,151,0.08623643632,1.984811942,1.169689366,163,0.035562,0.067046,2.275984,4.290973,0.079827,0.154996,1.593409,0.068011,4.905752,1.000877,-0.340527,0.344049,0.263301,0.273603,2.770261,0.351627,26.706001,30.564883,14,32.52,735,219,57,29.8,572,29.02
gemma-3-12b-it,12,azerbaijani,30793,1611,0.219,262145,10504,30880,2.931549886,2349,0.008960689695,115,29,317,0.134951043,107,0.04555129842,981,0.4176245211,2.078167116,1.29842986,163,0.046275,0.042198,2.961596,2.700695,0.105173,0.09198,1.600261,0.048359,4.580272,1.133603,-0.564259,0.297517,0.399738,0.228279,2.679772,0.273422,18.386746,27.037633,1,68.71,735,461,18,62.72,572,61.01
gemma-3-12b-it,12,crimean-tatar-latin,30863,1690,0.229,262145,10630,30880,2.903386642,3002,0.01145167751,107,18,387,0.1289140573,123,0.04097268488,1207,0.4020652898,2.289764443,1.507220611,163,0.066707,0.074001,4.269225,4.736069,0.162096,0.18336,1.621201,0.07544,5.142778,1.704224,-0.576893,0.264617,0.401643,0.206038,2.683147,0.280133,15.413087,25.345876,0,42.33,380,169,43,44.47,217,46.08
gemma-3-12b-it,12,crimean-tatar-cyrillic,30836,2200,0.298,262145,8849,30880,3.484687535,1897,0.007236453108,146,67,113,0.05956773853,991,0.5224037955,124,0.06536636795,2.017155273,1.11233666,163,0.070658,0.076809,4.522109,4.915792,0.178614,0.188718,1.623961,0.080477,4.714279,1.655149,-0.586254,0.28783,0.407581,0.219941,2.666917,0.278004,19.6935,28.542095,3,42.33,380,176,50,46.32,217,49.31
gemma-3-12b-it,12,english,30621,2136,0.29,262145,20796,30880,1.472446624,5043,0.01923744493,106,16,5043,1,198,0.03926234384,375,0.0743604997,4.110577708,3.090099146,163,0.026966,0.023732,1.725809,1.518833,0.055072,0.046944,1.57998,0.02773,4.234763,0.65788,-0.294936,0.214214,0.227525,0.167275,2.877521,0.111768,5.920267,8.447268,0,80.98,2157,1725,67,79.97,1994,79.89
gemma-3-12b-it,12,karakalpak,30880,1851,0.251,262145,9511,30880,3.246766901,2541,0.009693108776,122,39,365,0.1436442346,102,0.04014167651,993,0.3907910272,2.090705959,1.274685746,163,0.053667,0.078243,3.434702,5.00754,0.133815,0.190547,1.606058,0.082128,4.924664,1.422865,-0.52399,0.289656,0.388453,0.238299,2.668628,0.312435,27.972598,26.383318,4,42.94,240,99,20,41.25,77,37.66
gemma-3-12b-it,12,kazakh-cyrillic,30820,1744,0.237,262145,8684,30880,3.549055735,1624,0.006195044727,172,89,130,0.08004926108,767,0.4722906404,145,0.08928571429,1.842342635,1.097104716,163,0.052134,0.049946,3.336575,3.196566,0.120169,0.106581,1.607924,0.057712,4.466333,1.314232,-0.597039,0.276033,0.440147,0.215526,2.632286,0.272057,21.679855,28.237161,4,63.8,944,562,69,59.53,781,58.64
gemma-3-12b-it,12,kazakh-latin,30815,1743,0.236,262145,9190,30880,3.353101197,2256,0.008605924202,122,32,350,0.155141844,116,0.05141843972,778,0.344858156,1.951874087,1.178654583,163,0.084526,0.09971,5.409646,6.381449,0.210151,0.24137,1.638353,0.099971,5.45977,2.215323,-0.578875,0.293356,0.41551,0.228287,2.642345,0.32224,20.483955,28.605695,0,48.47,944,454,92,48.09,781,48.02
gemma-3-12b-it,12,russian,30807,2392,0.324,262145,14075,30880,2.188774423,4808,0.01834099449,149,71,198,0.04118136439,4808,1,115,0.02391846922,3.30749505,2.493203769,163,0.078293,0.050781,5.010768,3.249998,0.187717,0.112611,1.634483,0.05433,4.66396,1.386481,-0.659524,0.216175,0.512,0.171427,2.560468,0.25095,19.538331,28.993802,2,73.62,2157,1614,73,74.83,1994,74.92
gemma-3-12b-it,12,tatar,30799,2203,0.299,262145,9593,30880,3.210570207,1880,0.007171603502,166,81,139,0.07393617021,962,0.5117021277,145,0.07712765957,2.07857398,1.314471236,163,0.079845,0.070561,5.110075,4.515895,0.188893,0.160202,1.632838,0.068263,5.019483,1.712696,-0.688831,0.236426,0.519471,0.188955,2.527605,0.292095,22.930397,30.900854,7,67.48,839,521,56,62.1,676,60.8
gemma-3-12b-it,12,turkish,30819,1533,0.208,262145,10304,30880,2.990974379,3134,0.01195521562,115,26,375,0.1196553925,115,0.03669432036,3134,1,2.600571076,1.932210128,163,0.05193,0.03423,3.32353,2.190713,0.10712,0.066401,1.605719,0.039878,4.668105,0.808048,-0.570201,0.235337,0.425426,0.185339,2.681959,0.229123,11.894106,18.324436,0,69.94,945,667,27,70.58,782,70.72
gemma-3-12b-it,12,uyghur-arabic,30787,2304,0.312,262145,7422,30880,4.148073296,778,0.002967823151,165,81,133,0.1709511568,98,0.1259640103,142,0.1825192802,1.680871797,0.8003760039,163,0.057724,0.063214,3.69435,4.04571,0.136039,0.134948,1.619302,0.075161,4.780197,1.524576,-0.558735,0.305168,0.441142,0.235334,2.612771,0.313817,26.374307,29.827828,6,39.88,519,227,39,43.74,356,45.51
gemma-3-12b-it,12,uyghur-latin,30869,1800,0.244,262145,10604,30880,2.911071294,1938,0.007392855099,117,51,259,0.1336429309,83,0.04282765738,692,0.3570691434,2.424276783,1.377241561,163,0.085727,0.069205,5.486525,4.429096,0.213401,0.1647,1.642775,0.072099,6.216037,1.665567,-0.649031,0.274451,0.495281,0.215521,2.539019,0.325482,23.376673,31.11925,5,33.13,519,184,43,35.45,356,36.52
gemma-3-12b-it,12,uzbek-latin,30820,1388,0.188,262145,9984,30880,3.086939103,2707,0.01032634611,109,23,411,0.1518285925,130,0.04802364241,914,0.3376431474,2.209896171,1.356564327,163,0.040545,0.040159,2.594865,2.570202,0.095249,0.080585,1.593946,0.044904,4.418285,0.850672,-0.527362,0.278335,0.388427,0.215294,2.710187,0.229594,17.823632,20.540825,6,43.56,735,294,56,40,572,38.99
gemma-3-12b-it,12,uzbek-cyrillic,30682,1556,0.211,262145,9259,30880,3.313748785,1751,0.006679509432,163,85,134,0.07652769846,892,0.5094231868,151,0.08623643632,1.984811942,1.169689366,163,0.048015,0.041654,3.07294,2.665869,0.109688,0.084418,1.608317,0.05085,4.422579,1.084494,-0.594123,0.262637,0.437349,0.20824,2.64186,0.265081,19.969561,26.263336,3,44.17,735,304,51,41.36,572,40.56
Llama-3.2-1B-Instruct,1,azerbaijani,31151,196,0.15,128256,9927,31221,3.138007454,2299,0.01792508733,115,29,520,0.226185298,189,0.08220965637,1040,0.4523705959,2.174825848,1.256966442,129,0.325766,0.197678,6.293392,6.958061,1.127617,0.606844,1.695302,0.151531,4.6142,2.583378,-0.874085,0.145793,0.709506,0.133339,1.970446,0.496022,51.319029,33.296606,35,25.58,735,186,144,25.31,606,25.25
Llama-3.2-1B-Instruct,1,crimean-tatar-latin,31178,224,0.171,128256,10609,31221,2.938825525,2862,0.02231474551,107,18,620,0.2166317261,196,0.06848357792,1293,0.4517819706,2.467316698,1.485549556,129,0.478204,0.28223,16.709879,16.465483,1.752959,0.919453,1.891552,0.270524,7.690548,4.035326,-0.943347,0.089913,0.763449,0.099265,1.756047,0.468544,61.594148,35.423406,21,17.83,380,88,80,23.16,251,25.9
Llama-3.2-1B-Instruct,1,crimean-tatar-cyrillic,31182,219,0.167,128256,8299,31221,3.757320159,1561,0.01217097056,144,67,189,0.1210762332,1051,0.6732863549,175,0.1121076233,3.256205503,1.78644119,129,0.332261,0.207867,16.217022,13.411261,1.194273,0.724726,1.785837,0.223191,9.707902,4.824447,-0.957373,0.050262,0.8177,0.059501,1.412222,0.476976,77.442412,22.192239,44,16.28,380,72,140,18.95,251,20.32
Llama-3.2-1B-Instruct,1,english,31083,106,0.081,128256,21719,31221,1.431143239,5460,0.04257110778,106,16,5460,1,331,0.06062271062,557,0.102014652,4.242865875,2.907534138,129,0.25405,0.123288,10.792357,6.13231,0.60714,0.290854,1.727041,0.12739,5.722847,2.410597,-0.72555,0.195787,0.558786,0.14217,2.510043,0.204367,29.402444,35.577038,1,55.04,2157,1049,127,48.63,2028,48.22
Llama-3.2-1B-Instruct,1,karakalpak,31221,214,0.163,128256,9511,31221,3.282620124,2442,0.01904004491,122,39,582,0.2383292383,173,0.07084357084,1059,0.4336609337,2.247910061,1.21862516,129,0.356164,0.257244,15.030336,13.210664,1.313285,0.861814,1.794224,0.250873,7.280989,4.38048,-0.933873,0.064669,0.794039,0.065186,1.619388,0.424483,69.92469,31.849421,33,24.03,240,57,52,23.75,111,23.42
Llama-3.2-1B-Instruct,1,kazakh-cyrillic,31099,351,0.268,128256,7090,31221,4.386318759,1368,0.01066616766,168,88,225,0.1644736842,843,0.6162280702,197,0.144005848,2.475192128,1.672120577,129,0.265834,0.204937,5.262001,8.516134,0.831588,0.645246,1.623491,0.173772,6.911604,3.172855,-0.878745,0.116679,0.735924,0.11968,1.946897,0.454022,62.733552,27.194086,62,13.18,944,130,481,13.77,815,13.87
Llama-3.2-1B-Instruct,1,kazakh-latin,31172,179,0.137,128256,9536,31221,3.268875839,2326,0.01813560379,123,33,581,0.2497850387,207,0.08899398108,891,0.383061049,2.14740793,1.109362118,129,0.305644,0.149706,8.805877,9.790483,0.942793,0.527466,1.69638,0.140986,5.441352,2.673183,-0.930802,0.067542,0.763423,0.076422,1.862996,0.367865,59.122946,31.751204,19,25.58,944,203,221,21.5,815,20.86
Llama-3.2-1B-Instruct,1,russian,30729,333,0.254,128256,12838,31221,2.393597134,3491,0.0272189995,149,71,331,0.09481523919,3491,1,180,0.05156115726,5.405317453,3.939073102,129,0.287794,0.21869,8.370313,9.369271,0.998431,0.690437,1.702885,0.195287,5.811933,3.598126,-0.849319,0.207988,0.70898,0.186546,1.88612,0.56997,56.503705,31.272826,28,27.91,2157,621,343,28.79,2028,28.85
Llama-3.2-1B-Instruct,1,tatar,31082,255,0.195,128256,7166,31221,4.337426737,1344,0.01047904192,162,79,196,0.1458333333,925,0.6882440476,182,0.1354166667,2.571005727,1.929000959,129,0.269235,0.157095,11.226563,10.172462,0.923952,0.498662,1.731055,0.153667,7.510362,3.411381,-0.94064,0.059223,0.781792,0.061292,1.755265,0.377762,63.557434,29.56721,35,13.95,839,140,344,16.69,710,17.18
Llama-3.2-1B-Instruct,1,turkish,31115,290,0.221,128256,10352,31221,3.005699382,3111,0.02425617515,115,26,557,0.1790421086,180,0.05785920926,3111,1,2.789683432,2.144096271,129,0.377415,0.212071,10.056579,9.871716,1.376775,0.76007,1.770451,0.219584,5.202426,2.724824,-0.920376,0.079755,0.759647,0.074127,1.866703,0.412693,63.043099,28.494074,29,23.26,945,222,224,23.49,816,23.53
Llama-3.2-1B-Instruct,1,uyghur-arabic,31128,599,0.457,128256,5362,31221,5.805296531,653,0.005091379741,146,71,167,0.2557427259,128,0.1960183767,169,0.258805513,2.097018761,1.310636962,129,0.260238,0.173104,7.37594,7.08779,0.878568,0.488713,1.682754,0.154409,8.077735,2.85118,-0.909451,0.131859,0.765075,0.120734,1.69621,0.50011,64.057814,36.975866,41,11.63,519,56,330,10.79,390,10.51
Llama-3.2-1B-Instruct,1,uyghur-latin,31128,259,0.198,128256,10049,31221,3.097621654,1804,0.01406561876,117,51,437,0.2422394678,148,0.08203991131,746,0.4135254989,2.34695451,1.170290214,129,0.368524,0.237995,12.678053,14.155477,1.184358,0.771835,1.753285,0.204969,9.365863,3.723259,-0.910221,0.101656,0.757417,0.098844,1.824653,0.46289,61.267397,33.342376,17,22.48,519,111,134,21.39,390,21.03
Llama-3.2-1B-Instruct,1,uzbek-latin,31189,169,0.129,128256,9855,31221,3.164789447,2542,0.01981973553,109,23,641,0.2521636507,208,0.08182533438,1005,0.3953579858,2.215364391,1.129921118,129,0.331296,0.200319,10.824746,11.317765,0.978792,0.572491,1.724617,0.189089,8.756647,5.228849,-0.915554,0.095774,0.760523,0.093415,1.802429,0.447087,61.254831,30.657889,38,16.28,735,144,196,19.59,606,20.3
Llama-3.2-1B-Instruct,1,uzbek-cyrillic,31069,293,0.224,128256,8296,31221,3.745057859,1456,0.01135229541,159,84,225,0.154532967,931,0.6394230769,210,0.1442307692,2.978821333,1.840089595,129,0.416182,0.26176,16.415615,16.222901,1.395549,0.831494,1.843379,0.257924,10.917293,4.935031,-0.960682,0.06119,0.822767,0.074839,1.345708,0.523918,74.007336,21.165846,47,14.73,735,112,323,15.24,606,15.35
gemma-2-9b-it,9,azerbaijani,30517,952,0.158,256000,10031,30569,3.042268966,2297,0.00897265625,115,29,295,0.1284283848,103,0.04484109708,931,0.4053112756,1.999115247,1.233449564,140,0.13987,0.069377,4.000976,2.847212,0.335476,0.167315,1.629242,0.067288,4.891276,2.224974,-0.676709,0.262885,0.459252,0.210268,2.593612,0.32219,16.123987,25.190931,1,33.57,735,254,22,34.56,595,34.79
gemma-2-9b-it,9,crimean-tatar-latin,30505,1158,0.192,256000,10630,30569,2.869708373,3022,0.0118046875,107,18,386,0.1277299801,125,0.04136333554,1209,0.4000661813,2.316636617,1.488202215,140,0.174354,0.084637,6.499297,5.236305,0.411929,0.197309,1.673353,0.085106,5.254385,1.877479,-0.768091,0.186476,0.561759,0.153791,2.463147,0.314703,25.456595,33.983859,3,33.57,380,128,20,33.68,240,33.75
gemma-2-9b-it,9,crimean-tatar-cyrillic,30518,1163,0.193,256000,8602,30569,3.547779586,1847,0.00721484375,146,67,116,0.06280454792,1017,0.5506226313,124,0.06713589605,1.984566485,1.042871853,140,0.172558,0.125782,7.501076,8.461645,0.452275,0.332138,1.68041,0.143295,6.098613,2.729904,-0.69683,0.240355,0.508386,0.197744,2.512882,0.37184,27.61644,29.425924,5,22.14,380,104,21,27.37,240,30.42
gemma-2-9b-it,9,english,30563,577,0.096,256000,20796,30569,1.469657626,5032,0.01965625,106,16,5032,1,194,0.03855325914,353,0.07015103339,4.118378431,3.093210407,140,0.07919,0.046101,1.841033,1.902305,0.163575,0.087537,1.538329,0.053219,2.834018,0.922668,-0.375384,0.2778,0.268694,0.200513,2.835912,0.164945,16.302924,19.86188,0,65,2157,1403,10,65.04,2017,65.05
gemma-2-9b-it,9,karakalpak,30569,1076,0.179,256000,9511,30569,3.214067921,2601,0.01016015625,122,39,357,0.137254902,102,0.03921568627,994,0.3821607074,2.111616343,1.284879312,140,0.260225,0.130819,14.276395,9.21777,0.696578,0.336473,1.757438,0.143216,7.382039,2.710436,-0.843483,0.147031,0.66428,0.139109,2.188945,0.379897,54.141793,36.77227,8,22.86,240,62,4,25.83,100,30
gemma-2-9b-it,9,kazakh-cyrillic,30565,943,0.157,256000,8151,30569,3.749846645,1446,0.0056484375,169,88,125,0.08644536653,758,0.5242047026,137,0.09474412172,1.724946835,0.9296802288,140,0.139059,0.071542,3.186328,1.748991,0.321082,0.165924,1.625541,0.069111,4.282492,1.462739,-0.674924,0.227159,0.459184,0.175668,2.644191,0.229593,28.257778,25.834848,2,12.86,944,101,562,10.7,804,10.32
gemma-2-9b-it,9,kazakh-latin,30472,623,0.103,256000,9267,30569,3.288227042,2323,0.00907421875,122,32,318,0.1368919501,111,0.04778303917,749,0.322427895,1.969250459,1.177527254,140,0.232587,0.127365,12.435626,8.448323,0.624392,0.323892,1.740934,0.134817,8.248982,3.457542,-0.861343,0.130888,0.683783,0.11687,2.149025,0.361792,49.03733,37.837857,6,25.71,944,235,114,24.89,804,24.75
gemma-2-9b-it,9,russian,30505,1355,0.225,256000,14033,30569,2.173804603,4752,0.0185625,149,71,194,0.04082491582,4752,1,117,0.02462121212,3.330929356,2.439890188,140,0.117673,0.060846,2.426443,2.35153,0.293061,0.128035,1.575309,0.066259,4.38705,1.628968,-0.607012,0.245983,0.425577,0.186174,2.66429,0.238107,21.581818,23.181041,3,50,2157,1110,15,51.46,2017,51.56
gemma-2-9b-it,9,tatar,30564,952,0.158,256000,8784,30569,3.479508197,1674,0.0065390625,166,81,139,0.08303464755,927,0.5537634409,144,0.08602150538,1.903644811,1.174069458,140,0.140092,0.079478,3.432242,3.462163,0.37249,0.181303,1.613385,0.088502,5.536237,2.736074,-0.709791,0.226557,0.529218,0.196234,2.468185,0.345292,35.133121,26.217298,15,6.43,839,83,528,9.89,699,10.59
gemma-2-9b-it,9,turkish,30440,1714,0.285,256000,10049,30569,3.02915713,3017,0.01178515625,115,26,353,0.117003646,117,0.03878024528,3017,1,2.548620237,1.826413893,140,0.167595,0.085095,5.133277,4.089311,0.382941,0.187227,1.654989,0.087279,4.526676,1.744829,-0.747984,0.200123,0.54611,0.173712,2.466266,0.339973,25.05308,30.602682,2,47.14,945,402,4,42.54,805,41.74
gemma-2-9b-it,9,uyghur-arabic,30562,2830,0.47,256000,6394,30569,4.779793556,659,0.00257421875,157,79,121,0.1836115326,91,0.1380880121,129,0.1957511381,1.460800995,0.7123405526,140,0.155259,0.10802,6.19407,4.998997,0.406313,0.274747,1.669097,0.088924,5.646148,1.816562,-0.766295,0.181833,0.598263,0.149619,2.35822,0.386049,27.319909,30.208982,13,19.29,519,103,130,19.85,379,20.05
gemma-2-9b-it,9,uyghur-latin,30502,873,0.145,256000,10651,30569,2.86376866,1976,0.00771875,117,51,234,0.1184210526,84,0.04251012146,693,0.350708502,2.461936922,1.400881997,140,0.267668,0.128104,12.154564,8.603273,0.682973,0.327515,1.771566,0.132285,9.648615,2.963094,-0.867891,0.153421,0.706585,0.131868,2.002091,0.448894,54.473574,37.780838,13,28.57,519,153,3,29.48,379,29.82
gemma-2-9b-it,9,uzbek-latin,30544,752,0.125,256000,9984,30569,3.059294872,2754,0.0107578125,109,23,391,0.1419753086,129,0.04684095861,921,0.334422658,2.229865113,1.319590601,140,0.116829,0.07842,1.603736,2.186264,0.293372,0.163263,1.522732,0.090127,2.854947,1.485217,-0.52507,0.281054,0.385623,0.21622,2.714329,0.237544,35.98575,22.482232,9,29.29,735,210,24,28.57,595,28.4
gemma-2-9b-it,9,uzbek-cyrillic,30433,1047,0.174,256000,8669,30569,3.510554851,1647,0.00643359375,160,84,133,0.08075288403,894,0.5428051002,151,0.09168184578,1.876219893,1.015047155,140,0.217007,0.141299,6.872017,10.575543,0.559181,0.347242,1.555201,0.242415,4.080633,2.861392,-0.639933,0.311186,0.535303,0.255998,2.382686,0.463658,49.067997,27.439051,25,13.57,735,113,347,15.37,595,15.8
Qwen2.5-14B-Instruct,14,azerbaijani,31870,1223,0.184,151665,9658,31993,3.299855042,1944,0.01281772327,115,29,458,0.2355967078,118,0.06069958848,1106,0.5689300412,2.06463759,1.158781012,145,0.115913,0.099449,5.358336,6.467641,0.258788,0.217785,1.585726,0.137071,4.439579,2.596036,-0.536556,0.301318,0.372742,0.231483,2.692523,0.296376,21.672851,28.488859,2,53.1,735,379,15,51.56,590,51.19
Qwen2.5-14B-Instruct,14,crimean-tatar-latin,31808,766,0.115,151665,10534,31993,3.019555724,2470,0.01628589325,107,18,568,0.2299595142,132,0.05344129555,1341,0.5429149798,2.401062626,1.437220685,145,0.128838,0.108127,6.154028,7.07854,0.277441,0.246249,1.595552,0.13323,5.093824,3.159777,-0.580012,0.321097,0.42158,0.242425,2.620194,0.318517,23.613938,28.661755,3,48.28,380,184,15,48.42,235,48.51
Qwen2.5-14B-Instruct,14,crimean-tatar-cyrillic,31878,1080,0.163,151665,7824,31993,4.074386503,1143,0.007536346553,139,67,124,0.1084864392,838,0.7331583552,132,0.1154855643,2.986166008,1.637918657,145,0.086808,0.108719,4.322151,7.110672,0.174275,0.225403,1.55469,0.14205,4.091541,2.61541,-0.411407,0.329039,0.28784,0.259023,2.743627,0.341158,25.912473,26.946581,5,36.55,380,155,68,40.79,235,43.4
Qwen2.5-14B-Instruct,14,english,31958,553,0.083,151665,21974,31993,1.454355147,5389,0.0355322586,106,16,5389,1,208,0.03859714233,530,0.09834848766,4.1772952,2.926044686,145,0.078751,0.081544,2.584937,3.780008,0.119967,0.114041,1.529465,0.106185,3.215088,1.597738,-0.337678,0.27983,0.254419,0.215739,2.833088,0.176638,12.188184,19.720583,3,82.07,2157,1805,12,83.68,2012,83.8
Qwen2.5-14B-Instruct,14,karakalpak,31993,1136,0.171,151665,9511,31993,3.363789297,2175,0.01434081693,122,39,532,0.2445977011,115,0.05287356322,987,0.4537931034,2.193667365,1.15323833,145,0.232602,0.208684,13.017215,14.128115,0.533637,0.482908,1.676934,0.270508,7.251855,5.217249,-0.645558,0.334778,0.501318,0.293606,2.344184,0.579699,51.550948,33.522352,4,39.31,240,89,20,37.08,95,33.68
Qwen2.5-14B-Instruct,14,kazakh-cyrillic,31929,1364,0.206,151665,7346,31993,4.346447046,965,0.006362707282,168,88,139,0.1440414508,676,0.7005181347,147,0.1523316062,2.503648721,1.475917775,145,0.080139,0.088874,2.721878,5.059639,0.145379,0.161767,1.51536,0.109193,3.610702,2.256766,-0.421177,0.287568,0.278343,0.215331,2.787236,0.264122,23.479451,23.008083,6,57.24,944,468,76,49.58,799,48.19
Qwen2.5-14B-Instruct,14,kazakh-latin,31883,1024,0.154,151665,9267,31993,3.440487752,2024,0.0133452016,122,32,501,0.2475296443,123,0.06077075099,914,0.4515810277,2.040993633,1.044872132,145,0.413066,0.179599,26.271013,11.558438,0.965817,0.434816,1.909309,0.170229,11.894007,4.477507,-0.90859,0.109902,0.767224,0.089107,1.709126,0.542641,74.50501,29.45302,12,44.14,944,379,70,40.15,799,39.42
Qwen2.5-14B-Instruct,14,russian,31951,659,0.099,151665,12012,31993,2.65992341,2551,0.01681996505,147,70,208,0.08153665229,2551,1,135,0.05292042336,4.865137241,3.582804858,145,0.085466,0.070506,3.61692,4.069395,0.144678,0.118536,1.569544,0.105899,4.113897,2.151163,-0.471722,0.277815,0.35742,0.222048,2.734201,0.235913,15.739929,20.587065,1,76.55,2157,1644,55,76.22,2012,76.19
Qwen2.5-14B-Instruct,14,tatar,31976,1236,0.186,151665,7734,31993,4.134471166,1069,0.007048429104,162,79,142,0.1328344247,782,0.7315247895,149,0.1393826006,2.694114336,1.715031575,145,0.144846,0.143178,7.885208,9.818111,0.303327,0.305531,1.617156,0.164464,4.574624,2.633298,-0.572045,0.312473,0.418261,0.255841,2.599146,0.372447,37.54067,30.870497,2,50.34,839,386,109,46.01,694,45.1
Qwen2.5-14B-Instruct,14,turkish,31837,1075,0.162,151665,11770,31993,2.704927782,2993,0.01973428279,116,27,530,0.177079853,135,0.04510524557,2993,1,2.972202155,2.296747065,145,0.098938,0.099929,4.206381,6.249199,0.204633,0.193751,1.561388,0.13447,4.087221,2.912152,-0.45962,0.305331,0.334563,0.234327,2.744371,0.242873,16.986529,21.60221,1,66.9,945,624,19,66.03,800,65.88
Qwen2.5-14B-Instruct,14,uyghur-arabic,31815,2954,0.445,151665,6247,31993,5.092844565,554,0.003652787393,152,75,135,0.2436823105,96,0.1732851986,139,0.2509025271,2.399874273,1.078178713,145,0.132246,0.164608,7.293674,10.668847,0.300012,0.37316,1.636647,0.186087,4.469004,2.791772,-0.543339,0.325964,0.404168,0.258992,2.597731,0.392972,35.009532,31.201106,1,21.38,519,159,88,30.64,374,34.22
Qwen2.5-14B-Instruct,14,uyghur-latin,31807,1112,0.168,151665,10049,31993,3.165190566,1645,0.01084627304,117,51,398,0.2419452888,101,0.06139817629,748,0.4547112462,2.296852894,1.147861143,145,0.174399,0.178852,10.394782,11.677268,0.390864,0.406901,1.665025,0.200424,6.106061,3.749494,-0.556895,0.372687,0.435181,0.301635,2.493377,0.480124,41.865953,35.292217,3,37.24,519,193,29,37.19,374,37.17
Qwen2.5-14B-Instruct,14,uzbek-latin,31771,1319,0.199,151665,9734,31993,3.263920279,2296,0.0151386279,109,23,580,0.2526132404,145,0.0631533101,956,0.4163763066,2.144345472,1.10986125,145,0.090461,0.108208,4.133647,7.141328,0.17573,0.221307,1.548377,0.133927,3.942895,3.194899,-0.454151,0.324697,0.323236,0.257246,2.730268,0.296214,27.61614,28.784957,3,40.69,735,274,40,37.28,590,36.44
Qwen2.5-14B-Instruct,14,uzbek-cyrillic,31890,1328,0.2,151665,8194,31993,3.891872102,1068,0.007041835625,159,84,154,0.1441947566,733,0.686329588,165,0.154494382,2.867513327,1.708537973,145,0.198788,0.151512,10.557983,10.721506,0.408353,0.330695,1.678617,0.199093,6.469002,3.948996,-0.663963,0.290301,0.51951,0.246995,2.416527,0.447153,44.589906,34.548226,7,38.62,735,257,94,34.97,590,34.07
model,"model parameters, B",language,tokens_used_lape_tokenizer,lang_specific_neurons,lang_specific_neurons_pct,vocab_size,total_words_used,common_tokens_budget,fertility_tokens_per_word,unique_tokens,unique_token_fraction,num_unique_chars,num_non_ascii_chars,shared_en_token_count,shared_en_token_fraction,shared_ru_token_count,shared_ru_token_fraction,shared_turkish_token_count,shared_turkish_token_fraction,chars_per_token_mean,chars_per_token_std,n_questions_subset,MeanTokenNLL_mean,MeanTokenNLL_std,SequenceNLL_mean,SequenceNLL_std,MeanTokenEntropy_mean,MeanTokenEntropy_std,RAUQ_mean,RAUQ_std,Focus_mean,Focus_std,lexical_similarity_mean,lexical_similarity_std,degmat_mean,degmat_std,eigvallaplacian_mean,eigvallaplacian_std,eccentricity_mean,eccentricity_std,eccentricity_infs_cnt,subset_accuracy,total_questions,total_correct,total_n_unparseable,total_accuracy,n_unseen,unseen_accuracy
GigaChat3-10B-A1.8B,10,azerbaijani,31895,365,0.157,128012,9322,31913,3.421476078,1813,0.01416273474,115,29,478,0.2636514065,131,0.0722559294,783,0.4318808605,1.984825208,1.01920259,220,0.288725,0.241904,1.609936,1.890973,0.626429,0.450237,1.536205,0.184856,3.776829,2.519496,-0.713884,0.206908,0.603647,0.18688,2.354768,0.368275,49.266908,21.948774,106,53.18,735,386,78,52.52,515,52.23
GigaChat3-10B-A1.8B,10,crimean-tatar-latin,31638,364,0.156,128012,9802,31913,3.227708631,2358,0.01842014811,107,18,618,0.262086514,147,0.06234096692,1009,0.4279050042,2.259877363,1.204627111,220,0.231153,0.15059,5.605323,6.69962,0.581131,0.324723,1.694196,0.140285,5.971565,3.612458,-0.861419,0.182144,0.673485,0.169399,2.093298,0.481342,44.608362,34.789739,43,45,380,172,37,45.26,160,45.62
GigaChat3-10B-A1.8B,10,crimean-tatar-cyrillic,31889,488,0.209,128012,10065,31913,3.168306011,2574,0.02010748992,149,69,139,0.054001554,955,0.371017871,140,0.05439005439,3.830568535,2.684496532,220,0.278427,0.223368,5.313641,7.22902,0.720233,0.476304,1.700527,0.20509,8.047074,4.042678,-0.869691,0.125512,0.706462,0.127535,2.029453,0.458466,55.690047,28.581448,66,32.73,380,143,122,37.63,160,44.38
GigaChat3-10B-A1.8B,10,english,31861,915,0.393,128012,21352,31913,1.492178719,5261,0.04109770959,106,16,5261,1,243,0.04618893746,534,0.1015016157,4.068516368,2.836070622,220,0.149845,0.119266,2.660092,2.882979,0.297368,0.198645,1.527924,0.194784,3.260008,1.744026,-0.599398,0.258224,0.471963,0.207425,2.597327,0.295704,25.823085,23.262787,15,83.18,2157,1760,54,81.59,1937,81.41
GigaChat3-10B-A1.8B,10,karakalpak,31913,429,0.184,128012,9511,31913,3.355377983,2260,0.01765459488,122,39,567,0.2508849558,124,0.05486725664,865,0.3827433628,2.199166484,1.228654522,220,0.320265,0.268102,1.457766,1.07826,0.750949,0.521218,1.507135,0.201737,4.72813,2.549679,-0.720968,0.217195,0.624819,0.196031,2.31065,0.383578,53.957441,24.566829,99,40.91,240,98,17,40.83,20,40
GigaChat3-10B-A1.8B,10,kazakh-cyrillic,31879,900,0.386,128012,12766,31913,2.497180009,4104,0.03205949442,184,95,163,0.03971734893,774,0.1885964912,153,0.03728070175,4.357821764,4.136888992,220,0.305989,0.220026,3.551443,2.863753,0.752396,0.438005,1.682593,0.156504,4.989661,3.41044,-0.804995,0.209099,0.626443,0.195117,2.220271,0.479807,42.37129,32.522756,51,62.27,944,549,89,58.16,724,56.91
GigaChat3-10B-A1.8B,10,kazakh-latin,31873,391,0.168,128012,9190,31913,3.468226333,1940,0.01515482923,122,32,547,0.2819587629,139,0.07164948454,744,0.3835051546,2.024221128,1.027320405,220,0.253721,0.201531,1.488902,1.88732,0.55398,0.355934,1.506037,0.193654,4.399023,2.83903,-0.739182,0.180374,0.633363,0.162167,2.319769,0.357598,54.731288,17.334517,88,44.09,944,417,114,44.17,724,44.2
GigaChat3-10B-A1.8B,10,russian,31884,808,0.347,128012,17427,31913,1.829574798,6721,0.05250289035,152,72,243,0.03615533403,6721,1,135,0.02008629668,7.083396061,6.068515042,220,0.26227,0.230701,1.210167,1.90303,0.582114,0.391294,1.353297,0.29217,3.117097,2.465168,-0.539869,0.297691,0.454982,0.256566,2.565125,0.375569,38.221052,19.426499,64,78.64,2157,1616,50,74.92,1937,74.5
GigaChat3-10B-A1.8B,10,tatar,31738,452,0.194,128012,10039,31913,3.161470266,2344,0.01831078336,166,81,153,0.06527303754,893,0.3809726962,149,0.0635665529,3.589797719,2.793727735,220,0.386261,0.2803,1.939749,2.348339,0.862723,0.519861,1.536808,0.226306,5.34624,3.283701,-0.75435,0.193736,0.624039,0.174959,2.274023,0.432453,49.507276,20.376067,98,58.64,839,455,117,54.23,619,52.67
GigaChat3-10B-A1.8B,10,turkish,31600,425,0.182,128012,8144,31913,3.880157171,2015,0.01574071181,111,22,534,0.2650124069,135,0.06699751861,2015,1,2.179240506,1.481862684,220,0.304875,0.219332,1.508401,1.357997,0.611831,0.355174,1.454542,0.266114,3.407207,2.011183,-0.661773,0.250411,0.548267,0.214147,2.456541,0.358603,39.464949,21.59006,80,55.45,945,533,57,56.4,725,56.69
GigaChat3-10B-A1.8B,10,uyghur-arabic,31721,730,0.313,128012,6394,31913,4.961057241,632,0.004937037153,157,79,138,0.2183544304,109,0.1724683544,128,0.2025316456,2.468396331,1.33216782,220,0.345706,0.277826,3.026697,5.26888,0.860114,0.572341,1.599548,0.217067,6.13941,2.697941,-0.811444,0.18987,0.704339,0.170524,2.024512,0.49534,59.567738,22.180081,117,26.36,519,149,131,28.71,299,30.43
GigaChat3-10B-A1.8B,10,uyghur-latin,31847,452,0.194,128012,10579,31913,3.010397958,1832,0.01431115833,117,51,443,0.2418122271,103,0.05622270742,658,0.3591703057,2.419945364,1.286596425,220,0.292019,0.255909,3.975629,5.493102,0.758187,0.595293,1.654159,0.215912,7.882501,3.522453,-0.847133,0.15078,0.708082,0.147469,2.01297,0.469391,58.98797,22.956529,104,35,519,183,75,35.26,299,35.45
GigaChat3-10B-A1.8B,10,uzbek-latin,31891,577,0.248,128012,13043,31913,2.445066319,3899,0.03045808205,115,26,638,0.1636317004,167,0.04283149526,904,0.2318543216,2.858424007,2.081709566,220,0.315891,0.212162,4.718993,5.364004,0.804683,0.491428,1.696629,0.190142,6.126355,4.507893,-0.830764,0.181831,0.676406,0.1704,2.083944,0.499095,46.208109,30.517972,65,39.09,735,266,123,36.19,515,34.95
GigaChat3-10B-A1.8B,10,uzbek-cyrillic,31857,494,0.212,128012,11944,31913,2.667196919,3083,0.02408367966,168,88,163,0.0528705806,903,0.2928965294,174,0.0564385339,4.22924318,3.471654778,220,0.363123,0.288656,2.914085,3.865354,0.821043,0.558271,1.633489,0.169854,5.931117,3.39726,-0.815995,0.184215,0.682739,0.173973,2.115321,0.460406,52.208539,24.653546,89,31.36,735,232,152,31.56,515,31.65
Llama-3.3-70B-Instruct,70,azerbaijani,31151,3773,0.164,128256,9927,31221,3.138007454,2299,0.01792508733,115,29,520,0.226185298,189,0.08220965637,1040,0.4523705959,2.174825848,1.256966442,129,0.078729,0.083203,1.133317,1.674501,0.25256,0.274208,1.522714,0.097409,2.542306,1.11796,-0.430331,0.302321,0.323436,0.237015,2.761836,0.234878,25.755621,23.672142,9,70.54,735,508,19,69.12,606,68.81
Llama-3.3-70B-Instruct,70,crimean-tatar-latin,31178,2322,0.101,128256,10609,31221,2.938825525,2862,0.02231474551,107,18,620,0.2166317261,196,0.06848357792,1293,0.4517819706,2.467316698,1.485549556,129,0.127632,0.113119,2.128675,1.920357,0.422939,0.388997,1.57599,0.117013,3.277003,1.501419,-0.581135,0.268408,0.432907,0.212754,2.641403,0.271468,21.578597,22.173806,9,55.81,380,202,23,53.16,251,51.79
Llama-3.3-70B-Instruct,70,crimean-tatar-cyrillic,31182,2450,0.107,128256,8299,31221,3.757320159,1561,0.01217097056,144,67,189,0.1210762332,1051,0.6732863549,175,0.1121076233,3.256205503,1.78644119,129,0.07525,0.071988,1.788927,1.993648,0.200876,0.169753,1.551039,0.108457,3.449265,1.60237,-0.528198,0.28712,0.400294,0.234589,2.665171,0.288773,25.548061,24.504988,9,58.14,380,215,8,56.58,251,55.78
Llama-3.3-70B-Instruct,70,english,31083,1661,0.072,128256,21719,31221,1.431143239,5460,0.04257110778,106,16,5460,1,331,0.06062271062,557,0.102014652,4.242865875,2.907534138,129,0.058254,0.0377,2.815052,2.223332,0.117164,0.070525,1.611265,0.041162,3.561855,0.744287,-0.395255,0.184665,0.313303,0.141224,2.825366,0.111865,4.984054,3.137354,0,90.7,2157,1881,18,87.2,2028,86.98
Llama-3.3-70B-Instruct,70,karakalpak,31221,3343,0.146,128256,9511,31221,3.282620124,2442,0.01904004491,122,39,582,0.2383292383,173,0.07084357084,1059,0.4336609337,2.247910061,1.21862516,129,0.165662,0.13324,1.690558,2.398671,0.443576,0.327915,1.471626,0.248,3.316048,2.073647,-0.642096,0.260879,0.532858,0.219832,2.47338,0.359898,39.108867,22.879845,26,52.71,240,135,8,56.25,111,60.36
Llama-3.3-70B-Instruct,70,kazakh-cyrillic,31099,3390,0.148,128256,7090,31221,4.386318759,1368,0.01066616766,168,88,225,0.1644736842,843,0.6162280702,197,0.144005848,2.475192128,1.672120577,129,0.056008,0.05264,1.810315,2.109432,0.142374,0.132615,1.588055,0.054764,3.538609,1.018163,-0.53159,0.294539,0.380761,0.217626,2.687165,0.308961,21.155025,24.419072,2,68.99,944,637,25,67.48,815,67.24
Llama-3.3-70B-Instruct,70,kazakh-latin,31172,2944,0.128,128256,9536,31221,3.268875839,2326,0.01813560379,123,33,581,0.2497850387,207,0.08899398108,891,0.383061049,2.14740793,1.109362118,129,0.118227,0.09824,2.755697,5.572485,0.305845,0.255309,1.529215,0.136722,3.079907,2.530784,-0.540085,0.31154,0.445994,0.254048,2.572334,0.369698,38.659333,29.566132,21,52.71,944,463,50,49.05,815,48.47
Llama-3.3-70B-Instruct,70,russian,30729,3399,0.148,128256,12838,31221,2.393597134,3491,0.0272189995,149,71,331,0.09481523919,3491,1,180,0.05156115726,5.405317453,3.939073102,129,0.114861,0.050131,6.998237,3.218946,0.273019,0.111445,1.681005,0.050755,4.691602,1.118387,-0.648468,0.201465,0.532942,0.152229,2.542863,0.233923,17.956678,28.506269,2,87.6,2157,1809,61,83.87,2028,83.63
Llama-3.3-70B-Instruct,70,tatar,31082,2780,0.121,128256,7166,31221,4.337426737,1344,0.01047904192,162,79,196,0.1458333333,925,0.6882440476,182,0.1354166667,2.571005727,1.929000959,129,0.059786,0.048762,1.986682,1.893998,0.145394,0.109991,1.590595,0.056651,3.97016,1.493065,-0.598279,0.290059,0.425851,0.225764,2.639198,0.296134,20.206696,25.984494,6,71.32,839,557,71,66.39,710,65.49
Llama-3.3-70B-Instruct,70,turkish,31115,6440,0.281,128256,10352,31221,3.005699382,3111,0.02425617515,115,26,557,0.1790421086,180,0.05785920926,3111,1,2.789683432,2.144096271,129,0.115084,0.086025,3.778513,3.692163,0.309658,0.238669,1.640355,0.099689,4.037347,1.87013,-0.665512,0.23497,0.494239,0.18566,2.564572,0.296817,24.667636,29.19354,6,76.74,945,717,15,75.87,816,75.74
Llama-3.3-70B-Instruct,70,uyghur-arabic,31128,5162,0.225,128256,5362,31221,5.805296531,653,0.005091379741,146,71,167,0.2557427259,128,0.1960183767,169,0.258805513,2.097018761,1.310636962,129,0.088875,0.101879,1.800826,1.511103,0.235568,0.262367,1.583184,0.084587,4.419614,1.762417,-0.621619,0.275247,0.495888,0.224836,2.497627,0.377102,33.206111,26.369098,26,41.86,519,261,43,50.29,390,53.08
Llama-3.3-70B-Instruct,70,uyghur-latin,31128,2853,0.124,128256,10049,31221,3.097621654,1804,0.01406561876,117,51,437,0.2422394678,148,0.08203991131,746,0.4135254989,2.34695451,1.170290214,129,0.103019,0.10819,2.034904,1.943434,0.283004,0.349696,1.593528,0.077651,4.636496,1.884112,-0.606641,0.299798,0.459359,0.234972,2.565347,0.348767,25.070072,28.856384,7,41.09,519,242,8,46.63,390,48.46
Llama-3.3-70B-Instruct,70,uzbek-latin,31189,2942,0.128,128256,9855,31221,3.164789447,2542,0.01981973553,109,23,641,0.2521636507,208,0.08182533438,1005,0.3953579858,2.215364391,1.129921118,129,0.089365,0.078963,1.603518,1.615806,0.198499,0.150398,1.545993,0.106497,3.628148,1.757404,-0.539195,0.289224,0.407276,0.232409,2.667107,0.276058,27.642375,24.340471,14,48.06,735,351,36,47.76,606,47.69
Llama-3.3-70B-Instruct,70,uzbek-cyrillic,31069,3435,0.15,128256,8296,31221,3.745057859,1456,0.01135229541,159,84,225,0.154532967,931,0.6394230769,210,0.1442307692,2.978821333,1.840089595,129,0.178609,0.165672,0.718973,0.441654,0.446878,0.372354,1.332835,0.223158,2.40403,1.299441,-0.47824,0.246778,0.392772,0.215188,2.702156,0.275281,38.030413,16.551984,21,48.06,735,341,38,46.39,606,46.04
Qwen3.5-35B-A3B,35,azerbaijani,31399,205,1.001,248077,10156,31405,3.091669949,2270,0.00915038476,115,29,416,0.1832599119,122,0.05374449339,1184,0.5215859031,2.20876461,1.382999295,138,0.15567,0.085048,6.222245,5.119205,0.393653,0.195362,1.678735,0.08874,5.398578,2.539498,-0.794649,0.232666,0.597426,0.194717,2.334575,0.390745,33.947348,35.834169,5,74.64,735,582,32,79.18,597,80.23
Qwen3.5-35B-A3B,35,crimean-tatar-latin,31178,205,1.001,248077,10163,31405,3.067794942,2791,0.01125053915,107,18,508,0.1820136152,131,0.04693658187,1429,0.5120028664,2.372153442,1.471663075,138,0.186259,0.17429,6.162661,7.593789,0.495699,0.416184,1.695411,0.139982,6.302112,3.073355,-0.755384,0.242314,0.5722,0.209195,2.352442,0.427188,28.229179,33.466876,5,75.36,380,273,17,71.84,242,69.83
Qwen3.5-35B-A3B,35,crimean-tatar-cyrillic,31352,205,1.001,248077,8651,31405,3.624089701,1861,0.0075017031,146,67,123,0.06609349812,997,0.5357334766,134,0.07200429876,3.393531513,2.145534325,138,0.19345,0.147472,9.932614,9.692702,0.523685,0.372296,1.730019,0.151456,6.450806,3.66764,-0.790241,0.227636,0.595734,0.207233,2.252566,0.53878,35.055459,36.683035,4,74.64,380,276,15,72.63,242,71.49
Qwen3.5-35B-A3B,35,english,31233,205,1.001,248077,20796,31405,1.501875361,5196,0.02094510978,106,16,5196,1,210,0.04041570439,486,0.0935334873,4.038164762,2.954425144,138,0.112947,0.071587,4.219594,4.248801,0.24145,0.143615,1.590226,0.122552,3.818257,2.365827,-0.586657,0.244124,0.456035,0.188819,2.655222,0.195318,17.371724,22.126325,0,96.38,2157,2023,21,93.79,2019,93.61
Qwen3.5-35B-A3B,35,karakalpak,31405,205,1.001,248077,9511,31405,3.301966144,2450,0.00987596593,122,39,479,0.1955102041,110,0.04489795918,1019,0.4159183673,2.234739691,1.282847601,138,0.213084,0.134252,9.88833,7.926941,0.570695,0.333933,1.748248,0.125561,7.295379,3.374313,-0.864946,0.171978,0.671085,0.155314,2.125124,0.452965,44.327957,38.728658,10,60.87,240,144,14,60,102,58.82
Qwen3.5-35B-A3B,35,kazakh-cyrillic,31304,205,1.001,248077,8365,31405,3.742259414,1519,0.006123098877,169,88,136,0.08953258723,786,0.517445688,150,0.09874917709,2.900332226,2.048239723,138,0.129032,0.069262,6.682906,4.74916,0.315251,0.156482,1.665802,0.075807,5.158774,1.92897,-0.773717,0.217402,0.582085,0.191829,2.363035,0.406861,29.73576,35.223107,2,81.88,944,721,36,76.38,806,75.43
Qwen3.5-35B-A3B,35,kazakh-latin,31334,205,1.001,248077,8970,31405,3.493199554,2165,0.008727129077,122,32,449,0.2073903002,124,0.05727482679,893,0.4124711316,2.009414693,1.133484332,138,0.234049,0.136328,9.112693,8.61755,0.628186,0.349567,1.748189,0.134397,6.476534,3.210888,-0.874407,0.146185,0.693806,0.143816,2.024022,0.516933,50.33089,35.956862,9,69.57,944,638,60,67.58,806,67.25
Qwen3.5-35B-A3B,35,russian,31398,205,1.001,248077,14423,31405,2.17693961,5012,0.02020340459,151,71,210,0.04189944134,5012,1,135,0.02693535515,5.963309765,5.01006959,138,0.140494,0.075815,6.509928,4.520185,0.326298,0.163055,1.671772,0.082118,4.830105,1.891619,-0.737175,0.211989,0.586003,0.16786,2.40589,0.296356,31.785651,36.366533,3,92.03,2157,1960,35,90.87,2019,90.79
Qwen3.5-35B-A3B,35,tatar,31384,205,1.001,248077,8462,31405,3.708815883,1614,0.006506044494,164,81,135,0.08364312268,882,0.5464684015,148,0.0916976456,3.03205455,2.276939845,138,0.131839,0.071574,7.232298,4.978753,0.336107,0.170621,1.67111,0.074596,5.633654,2.304053,-0.792353,0.225636,0.599653,0.192707,2.33632,0.368298,40.770306,38.219667,2,78.26,839,657,48,78.31,701,78.32
Qwen3.5-35B-A3B,35,turkish,31380,205,1.001,248077,12128,31405,2.587401055,3601,0.01451565441,116,27,486,0.1349625104,135,0.03748958623,3601,1,3.111695347,2.381246963,138,0.209732,0.096974,8.610541,6.18131,0.497912,0.217115,1.718641,0.101156,6.041505,2.700336,-0.846964,0.154553,0.653997,0.134264,2.24856,0.348143,42.0902,39.638863,3,87.68,945,810,16,85.71,807,85.38
Qwen3.5-35B-A3B,35,uyghur-arabic,31233,205,1.001,248077,6247,31405,4.999679846,661,0.002664495298,152,75,130,0.1966717095,96,0.1452344932,137,0.2072617247,2.444593859,1.295612098,138,0.161731,0.192655,3.989231,3.702667,0.347529,0.35619,1.593306,0.137293,6.034095,2.40255,-0.758839,0.233038,0.625265,0.189871,2.250478,0.449967,38.681757,32.785022,20,77.54,519,407,25,78.42,381,78.74
Qwen3.5-35B-A3B,35,uyghur-latin,31325,205,1.001,248077,10232,31405,3.061473808,1846,0.007441238003,117,51,354,0.1917659805,93,0.05037919827,760,0.4117009751,2.374461293,1.309591165,138,0.25834,0.232809,5.595228,8.199007,0.632716,0.471811,1.639702,0.18542,6.756806,3.120475,-0.764617,0.221634,0.640696,0.188517,2.190193,0.50559,52.151523,33.757171,26,71.74,519,368,31,70.91,381,70.6
Qwen3.5-35B-A3B,35,uzbek-latin,31238,205,1.001,248077,9734,31405,3.209163756,2527,0.01018635343,109,23,531,0.2101305896,141,0.05579738821,962,0.3806885635,2.180933478,1.246300849,138,0.166622,0.116605,8.077595,5.101584,0.392939,0.206648,1.699489,0.078495,6.489789,2.895594,-0.872455,0.132361,0.681123,0.126274,2.168851,0.357177,44.6789,39.466142,12,56.52,735,446,60,60.68,597,61.64
Qwen3.5-35B-A3B,35,uzbek-cyrillic,31390,205,1.001,248077,8919,31405,3.519452853,1646,0.006635036702,160,84,143,0.08687727825,855,0.5194410693,160,0.09720534629,3.157247531,2.096586387,138,0.180641,0.1233,7.851172,5.612089,0.432753,0.244123,1.70182,0.092549,7.184045,3.058468,-0.868376,0.166016,0.684881,0.149791,2.093989,0.431141,49.29047,41.107163,15,60.14,735,447,92,60.82,597,60.97
